<?xml version="1.0" encoding="UTF-8"?>
<!DOCTYPE mapper PUBLIC "-//mybatis.org//DTD Mapper 3.0//EN" "http://mybatis.org/dtd/mybatis-3-mapper.dtd" >
<mapper namespace="boardMapper">
  
  <resultMap type="Board" id="boardResultSet">
  	<id property="bId" column = "BID"/>
  	<result property="mId" column="MID"/>
  	<result property="category" column="CATEGORY"/>
  	<result property="bTitle" column="BTITLE"/>
  	<result property="bType" column="BTYPE"/>
  	<result property="bContent" column="BCONTENT"/>
  	<result property="bCount" column="BCOUNT"/>
  	<result property="createDate" column="CREATE_DATE"/>
  	<result property="modifyDate" column="MODIFY_DATE"/>
  	<result property="status" column="STATUS"/>
  	<result property="bLevel" column="BLEVEL"/>
  </resultMap>
  
  <select id="getFboardListCount" resultType="_int">
  	SELECT COUNT(*)
  	FROM D_BOARD
  	WHERE STATUS='Y'AND CATEGORY = 2
  </select>
  
  <select id="selectList" resultMap="boardResultSet">
  	SELECT *
  	FROM D_BOARD
  	ORDER BY BID DESC
  </select>
  
  <insert id="insertBoard" parameterType="Board">
  	INSERT INTO BOARD VALUES(
  		SEQ_BID.NEXTVAL, #{bTitle}, #{bWriter}, #{bContent},
  		#{originalFileName}, #{renameFileName}, DEFAULT, SYSDATE, SYSDATE, DEFAULT 
  	)
  </insert>
  
  <update id="updateCount" parameterType = "_int">
  	UPDATE BOARD
  	SET BCOUNT = BCOUNT + 1
  	WHERE BID = #{bId}
  </update>
  
  <select id="selectOne" parameterType = "_int" resultMap="boardResultSet">
  	SELECT *
  	FROM BOARD
  	WHERE BID=#{bId}
  	AND B_STATUS='Y'
  </select>
  
  <update id="updateBoard" parameterType="Board">
  	UPDATE BOARD
  	SET BTITLE=#{bTitle}, BCONTENT=#{bContent},
  		ORIGINAL_FILENAME=#{originalFileName}, RENAME_FILENAME=#{renameFileName},
  		B_MODIFY_DATE=SYSDATE
  	WHERE BID=#{bId}
  </update>
  
  <delete id="deleteBoard" parameterType = "_int">
  	DELETE FROM BOARD 
  	WHERE BID=#{bId} 
  
  </delete>
</mapper>
