<?xml version="1.0" encoding="UTF-8"?>
<!DOCTYPE mapper PUBLIC "-//mybatis.org//DTD Mapper 3.0//EN" "http://mybatis.org/dtd/mybatis-3-mapper.dtd" >
<mapper namespace="cartMapper">
	<resultMap type="Cart" id="cartResultSet">
		<id property ="mid" column="MID"/>
		
		<result property="gid" column="GID"/>
		<result property="mid" column="MID"/>
		<result property="goodsName" column="GOODS_NAME"/>
		<result property="goodsPrice" column="GOODS_PRICE"/>
		<result property="count" column="COUNT"/>
		<result property="goodsStatus" column="GOODS_STATUS"/>
		<result property="goodsFilePath" column="GOODS_FILE_PATH"/>
		<result property="soldOut" column="SOLDOUT"/>
	</resultMap>
	
	
	<select id="sele">
	
	</select>
	
	
	
	
	
	
	

</mapper>