<?xml version="1.0" encoding="UTF-8"?>
<!DOCTYPE mapper PUBLIC "-//mybatis.org//DTD Mapper 3.0//EN" "http://mybatis.org/dtd/mybatis-3-mapper.dtd" >
  <mapper namespace="memberMapper">
	
	<resultMap type="Member" id="memberResultSet">
		<id property ="mid" column="MID"/>
		
		<result property ="userId" column="USER_ID"/>
		<result property ="userPwd" column ="USER_PWD"/>
		<result property ="userName" column ="USER_NAME"/>
		<result property ="gender" column ="GENDER"/>
		<result property ="birthday" column ="BIRTHDAY"/>
		<result property ="phone" column ="PHONE"/>
		<result property ="email" column ="EMAIL"/>
		<result property ="address" column ="ADDRESS"/>
		<result property ="point" column ="POINT"/>
		<result property ="enrollDate" column ="ENROLL_DATE"/>
		<result property ="modifyDate" column ="MODIFY_DATE"/>
		<result property ="admin" column ="ADMIN"/>
		<result property ="status" column ="STATUS"/>
	  	<result property="userNickname" column="USER_NICKNAME"/>
	</resultMap>
	
	
	<select id ="selectOne" parameterType="Member" resultMap="memberResultSet">
		<!-- 암호화 적용 이후 -->
		SELECT *
		FROM MEMBER
		WHERE USER_ID=#{userId}
		AND STATUS='Y'
	
	</select>
	
	<insert id ="insertMember" parameterType ="Member">
		INSERT INTO MEMBER
		VALUES(SEQ_MID.NEXTVAL, #{userId}, #{userPwd}, #{userName}, #{gender}, #{birthday}, #{phone}, #{email}, #{address}, DEFAULT, SYSDATE, SYSDATE, DEFAULT, DEFAULT)
	</insert>
	
	<update id = "updateMember" parameterType ="Member">
		UPDATE MEMBER
		SET 
			GENDER=#{gender},
			BIRTHDAY=#{birthday},
			PHONE=#{phone},
			EMAIL=#{email},
			ADDRESS=#{address},
			MODIFY_DATE=SYSDATE
		WHERE USER_ID=#{userId}
	
	</update>
	
	<update id = "deleteMember" parameterType ="string">
		UPDATE MEMBER
		SET	STATUS = 'N'
		WHERE USER_ID=#{userId}
	
	</update>
	
	<select id ="getListCount" resultType="_int">
		SELECT COUNT(*)
		FROM MEMBER
		WHERE STATUS='Y'
	</select>
	
	<select id="selectList" resultMap="memberResultSet">
		SELECT *
		FROM MEMBER
		ORDER BY MID DESC
	</select>
	
	
	<select id ="selectTopList" resultMap="memberResultSet">
	<![CDATA[
		SELECT *
		FROM(SELECT *
		FROM MEMBER
		ORDER BY ENROLL_DATE DESC)
		WHERE ROWNUM <=5
	]]>
	</select>
	<!-- rownum은 작거나 같다나 작을떄만 가능
		마이바티스 쿼리에선 < 가 아니다를 표시해줘야함 (태그로 인식안하게)
	 -->
	
	<!-- 회원조회시 포인트 수정  -->
	<update id = "updatePointMember" parameterType ="Member">
		UPDATE MEMBER
		SET POINT=#{point}
		WHERE MID=#{mid}
	</update>
	
	
</mapper>
