<?xml version="1.0" encoding="UTF-8"?>
<!DOCTYPE mapper PUBLIC "-//mybatis.org//DTD Mapper 3.0//EN" "http://mybatis.org/dtd/mybatis-3-mapper.dtd" >
<mapper namespace="shopMapper">


	<resultMap type="SellReply" id="sell_After_goodsResultSet">
		<id property="rId" column ="RID"/>
		
		<result property ="sellNum" column ="SELL_NUM"/>
		<result property ="gId" column ="GID"/>
	    <result property="cateCd" column="CATE_CD"/>
		<result property ="mId" column="MID"/>
		<result property ="goodsTitle" column="GOODS_TITLE"/>
		<result property ="rContent" column="RCONTENT"/>
		<result property ="sellStart" column="SELL_START"/>
		<result property ="ref_filePath" column="REP_FILE_PATH"/>
		<result property ="ref_contentFilePath" column="REP_CONTENT_FILE_PATH"/>
		<result property ="createDate" column="CREATE_DATE"/>
		<result property ="modifyDate" column="MODIFY_DATE"/>
		<result property ="status" column="STATUS"/>
		
		
		
		<result property ="userId" column="USER_ID"/>
		
		
		<result property="goodsPrice"       column="GOODS_PRICE"/>
		<result property="count"          column="COUNT"/>
		<result property ="goodsContent"    column ="GOODS_CONTENT"/>
		<result property ="filePath"       column="GOODS_FILE_PATH"/>
		<result property ="contentFilePath" column="GOODS_CONTENT_FILE_PATH"/>
	</resultMap>

	
	
	<resultMap type="Cart" id ="CartResultSet">
		<result property="cartNum" column="CARTNUM"/>
		<result property="mId" column="MID"/>
		<result property ="gId" column ="GID"/>
		<result property ="count" column ="COUNT"/>
		
	</resultMap>
	
	
	
	<insert id="insertSellAftergoods" parameterType="SellReply">
		INSERT INTO SELL_REPLY
		VALUES(SEQ_RID.NEXTVAL, #{sellNum}, #{gId}, #{cateCd}, #{mId}, #{rContent}, #{sellStart}, #{filePath}, #{contentFilePath}, SYSDATE, SYSDATE, DEFAULT
		)
	</insert>
	
	<select id ="sellafterSelectList" resultMap="sell_After_goodsResultSet">
		 
		SELECT * 
		FROM SELL_REPLY_AFTERVIEW
		WHERE STATUS='Y'
		
		<!-- SELECT *
		FROM SELL_REPLY SR
		JOIN SELL_GOODSSELECTVIEW SGV ON (SGV.SELL_NUM = SR.SELL_NUM)
		JOIN MEMBER M ON(M.MID = SR.MID)
		WHERE SR.SELL_NUM=#{sellNum}
		ORDER BY RID DESC  -->
	</select>
	
	<select id ="selectReply" resultMap="sell_After_goodsResultSet">
		SELECT *
		FROM SELL_REPLY_AFTERVIEW
		WHERE SELL_NUM=#{sellNum}
		AND STATUS='Y'
	</select>


   
	<insert id="CartInsert" parameterType="Cart">
		INSERT INTO CART
		VALUES(TBL_CART_SEQ.NEXTVAL, #{mId}, #{gId}, #{count}
		)
	</insert>


	
</mapper>
